3M|/equities/3m-co
Abbott Labs|/equities/abbott-laboratories
AbbVie|/equities/abbvie-inc
Accenture|/equities/accenture-ltd
Ace|/equities/ace-ltd
Actavis|/equities/actavis
Adobe|/equities/adobe-sys-inc
ADT|/equities/adt-corp
Aetna|/equities/aetna-inc
Aflac|/equities/aflac-inc
Agilent Technologies|/equities/agilent-tech
AGL Resources|/equities/agl-resources
Air Products&Chemicals|/equities/air-prods---chem
Airgas|/equities/airgas-inc
Akamai|/equities/akamai-technologies-inc
Alcoa|/equities/alcoa
Alexion|/equities/alexion-pharmaceuticals,-inc.
Allegheny Technologies|/equities/allegheny-tech
Allegion Public|/equities/allegion-public
Allergan|/equities/allergan-inc
Alliance Data Systems|/equities/alliance-data-systems
Allstate|/equities/allstate-corporation
Altera|/equities/altera-corp
Altria|/equities/altria-group
Amazon.com|/equities/amazon-com-inc
Ameren|/equities/ameren-corp
American Electric Power|/equities/american-electric
American Express|/equities/american-express
AIG|/equities/american-intl-group
American Tower|/equities/amer-tower-corp
Ameriprise Financial|/equities/ameriprise-fincl
AmerisourceBergen|/equities/amerisourcebergn
Amgen|/equities/amgen-inc
Amphenol|/equities/amphenol-corp
AMTEK|/equities/ametek-inc
Anadarko Petroleum|/equities/anadarko-petro
Analog Devices|/equities/analog-devices
Aon|/equities/aon-corp
Apache|/equities/apache-corp
Apartment Investment&Management|/equities/apt-inv-manage
Apple|/equities/apple-computer-inc
Applied Materials|/equities/applied-matls-inc
Archer-Daniels-Midland|/equities/archer-daniels-mid
Assurant|/equities/assurant
AT&T|/equities/at-t
Autodesk|/equities/autodesk-inc
ADP|/equities/auto-data-process
AutoNation|/equities/autonation-inc
AutoZone|/equities/autozone-inc
AvalonBay|/equities/avalonbay-comm
Avery Dennison|/equities/avery-dennison
Avon Products|/equities/avon-products
Baker Hughes|/equities/baker-hughes
Ball|/equities/ball-corp
Bank of America|/equities/bank-of-america
Bank Of NY Mellon|/equities/bk-of-ny
Baxter|/equities/baxter-intl
BB&T|/equities/bb-t-corp
Becton Dickinson|/equities/becton-dickinsn
Bed Bath&Beyond|/equities/bed-bath---beyond-inc
Bemis|/equities/bemis-company
Berkshire Hathaway B|/equities/berkshire-hathaway
Best Buy|/equities/best-buy
Biogen Idec|/equities/biogen-idec-inc
BlackRock|/equities/blackrock,-inc.-c
Boeing|/equities/boeing-co
BorgWarner|/equities/borgwarner
Boston Properties|/equities/boston-ppty
Boston Scientific|/equities/boston-scien-cp
Bristol-Myers Squibb|/equities/bristol-myer-squiib
Broadcom|/equities/broadcom-corp
Brown Forman|/equities/brown-forman-b
CA|/equities/ca-inc
Cablevision Systems|/equities/cablevision-systems-corp.
Cabot Oil&Gas|/equities/cabot-oil---gas
Cameron|/equities/cameron-international
Campbell Soup|/equities/campbell-soup
Capital One Financial|/equities/capital-one
Cardinal Health|/equities/cardinal-health
CareFusion|/equities/carefusion-corp.
CarMax|/equities/carmax-inc
Carnival|/equities/carnival-corporation?cid=7994
Caterpillar|/equities/caterpillar
CBRE|/equities/cbre
CBS|/equities/cbs-corp-cl-b
Celgene|/equities/celgene-corp
CenterPoint Energy|/equities/centerpoint
CenturyLink|/equities/centurylink
Cerner|/equities/cerner-corporatio
CF Industries|/equities/cf-industries
CH Robinson|/equities/c-h-robinson-worldwide-inc
Chesapeake Energy|/equities/chesapeake-ener
Chevron|/equities/chevron
Chipotle Mexican Grill|/equities/chipotle-mexican-grill-inc
Chubb|/equities/chubb-corp
Cigna|/equities/cigna-corp
Cincinnati Financial|/equities/cincinnati-fin
Cintas|/equities/cintas-corp
Cisco|/equities/cisco-sys-inc
Citigroup|/equities/citigroup
Citrix Systems|/equities/citrix-sys-inc
Clorox|/equities/clorox-co
CME Group|/equities/cme-group-inc.
CMS Energy|/equities/cms-energy-corp
Coach|/equities/coach
Coca-Cola|/equities/coca-cola-co
Coca-Cola Enterprises|/equities/coca-cola-ent
Cognizant|/equities/cognizant-technology-solutio
Colgate-Palmolive|/equities/colgate-palmo
Comcast|/equities/comcast-corp-new
Comerica|/equities/comerica-inc
Computer Sciences|/equities/comp-science
ConAgra Foods|/equities/conagra-foods
ConocoPhillips|/equities/conoco-phillips
CONSOL Energy|/equities/consol-energy
Consolidated Edison|/equities/cocnsol-edison
Constellation Brands|/equities/constellation-a
Corning|/equities/corning-inc
Costco|/equities/costco-whsl-corp-new
Covidien|/equities/covidien-ltd
CR Bard|/equities/c-r-bard
Crown Castle|/equities/crown-castle-int
CSX|/equities/csx-corp
Cummins|/equities/cummins-inc
CVS|/equities/cvs-corp
Danaher|/equities/danaher-corp
Darden Restaurants|/equities/dardem-rest
DaVita|/equities/davita-inc
Deere&Company|/equities/deere---co
Delphi Automotive|/equities/delphi-automotive
Delta Air Lines|/equities/delta-air-lines-new
Denbury Resources|/equities/denbury-resources-inc
DENTSPLY|/equities/dentsply-intl-inc-new
Devon Energy|/equities/devon-energy
Diamond Offshore Drilling|/equities/diamond-offshore
DIRECTV|/equities/directv
Discover|/equities/discover-financl
Discovery|/equities/discovery-holding-co
Dollar General|/equities/dollar-general-corp
Dollar Tree|/equities/dollar-tree-inc
Dominion Resources|/equities/dominion-res
Dover|/equities/dover-corp
Dow Chemical|/equities/dow-chemical
DR Horton|/equities/d.r.-horton-inc
Dr Pepper Snapple|/equities/dr-pepper-snapple
DTE Energy|/equities/dte-energy
Duke Energy|/equities/duke-energy
Dun&Bradstreet|/equities/dun---bradstreet
E-TRADE|/equities/etrade-fincl-cp
Eastman Chemical|/equities/eastman-chem
Eaton|/equities/eaton
eBay|/equities/ebay-inc
Ecolab|/equities/ecolab-inc
Edison|/equities/edison-intl
Edwards Lifesciences|/equities/edward-lifescience
DuPont|/equities/du-pont
Electronic Arts|/equities/electronic-arts-inc
Eli Lilly|/equities/eli-lilly-and-co
EMC|/equities/emc-corp-mass
Emerson|/equities/emerson-elec
ENSCO|/equities/ensco-intl
Entergy|/equities/entergy-corp
EOG Resources|/equities/eog-resources
EQT|/equities/eqt-corporation
Equifax|/equities/equifax-inc
Equity Residential|/equities/eq-resident
Essex Property|/equities/essex-property-trust-inc
Estee Lauder|/equities/estee-lauder
Exelon|/equities/exelon-corp
Expedia|/equities/expedia
Expeditors Washington|/equities/expeditors-intl-wash-inc
Express Scripts|/equities/express-scripts-inc
Exxon Mobil|/equities/exxon-mobil
F5 Networks|/equities/f5-networks-inc
Facebook|/equities/facebook-inc
Family Dollar Stores|/equities/family-dlr-strs
Fastenal|/equities/fastenal-co
FedEx|/equities/fedex-corp
Fidelity Information|/equities/fidelity-natl-in
Fifth Third|/equities/fifth-third-bk
First Solar|/equities/first-solar-inc
FirstEnergy|/equities/first-energy
Fiserv|/equities/fiserv-inc
FLIR Systems|/equities/flir-systems
Flowserve|/equities/flowserve-corp
Fluor|/equities/fluor-corp
FMC|/equities/fmc-corp
FMC Technologies|/equities/fmc-technologies-inc
Ford Motor|/equities/ford-motor-co
Forest Labs|/equities/forest-labs
Fossil|/equities/fossil-inc
Franklin Resources|/equities/franklin-res
Freeport-McMoran|/equities/freeport-mcm
Frontier|/equities/frontier-communications-corp
GameStop Corp|/equities/gamestop-corp
Gannett|/equities/gannett-co-inc
Gap|/equities/gap.inc
Garmin|/equities/garmin-ltd
General Dynamics|/equities/general-dynam
General Electric|/equities/general-electric
General Growth|/equities/general-growth-properties
General Mills|/equities/general-mills
General Motors|/equities/gen-motors
Genuine Parts|/equities/genuine-parts-co
Genworth|/equities/genworth-finl
Gilead|/equities/gilead-sciences-inc
Goldman Sachs|/equities/goldman-sachs-group
Google|/equities/google-inc
Google Inc C|/equities/google-inc-c
Graham Hld Co|/equities/washington-post-co.
H&R Block|/equities/h---r-block-inc
Halliburton|/equities/halliburton-co
Harley-Davidson|/equities/harley-davidson
Harman Industries|/equities/harman-intl-inds
Harris|/equities/harris-corporation
Hartford|/equities/hartford-finl
Hasbro|/equities/hasbro-inc
HCP|/equities/hcp-inc
Health Care|/equities/health-care-reit
Helmerich&Payne|/equities/helmerich---payne
Hershey|/equities/hershey-co
Hess|/equities/hess-corp
Hewlett-Packard|/equities/hewlett-pack
Home Depot|/equities/home-depot
Honeywell|/equities/honeywell-intl
Hormel Foods|/equities/hormel-foods-corp
Hospira|/equities/hospira
Host Hotels&Resorts|/equities/host-hotels---res
Hudson City|/equities/hudson-city-bcp
Humana|/equities/humana-inc
Huntington Bancshares|/equities/huntgtn-bkshr
Illinois Tool Works|/equities/illinois-tool-wk-r
Ingersoll-Rand|/equities/ingersoll-rand
Integrys Energy|/equities/integrys-energy
Intel|/equities/intel-corp
Intercontinentalexchange|/equities/intercontintlex
Flavors&Fragrances|/equities/intl-flav---frag
IBM|/equities/ibm
International Game Technology|/equities/intl-game-tech
International Paper|/equities/intl-paper-co
Interpublic of Companies|/equities/interpublic-grp
Intuit|/equities/intuit
Intuitive Surgical|/equities/intuitive-surgical-inc
Invesco|/equities/invesco-ltd
Iron Mountain|/equities/iron-mountain-inc
JP Morgan|/equities/jp-morgan-chase
Jabil Circuit|/equities/jabil-circuit
Jacobs Engineering|/equities/jacobs-engineer
JM Smucker|/equities/jm-smucker-co
J&J|/equities/johnson-johnson
Johnson Controls|/equities/johnson-controls
Joy Global|/equities/joy-global-inc
Juniper|/equities/juniper-networks-inc
Kansas City Southern|/equities/kansas-city-southern-inc
Kellogg|/equities/kellogg-co.
Keurig Green Mountain|/equities/green-mountain-coffee-roasters
KeyCorp|/equities/keycorp-new
Kimberly-Clark|/equities/kimberly-clark
Kimco|/equities/kimco-realty
Kinder Morgan|/equities/kinder-morgan
KLA-Tencor|/equities/kla-tencor-corp
Kohl's|/equities/kohls-corp
Kraft Foods|/equities/kraft-foods-inc
Kroger|/equities/kroger-co
L Brands|/equities/limited-brands
L-3 Communications|/equities/l3-comms-hldgs
Laboratory of America|/equities/laboratory-corp-of-amer
Lam Research|/equities/lam-research-corp
Legg Mason|/equities/legg-mason
Leggett&Platt|/equities/leggett---platt
Lennar|/equities/lennar
Leucadia National|/equities/leucadia-natl
Lincoln National|/equities/lincoln-natl
Linear|/equities/linear-technology-corp
Lockheed Martin|/equities/lockheed-martin
Loews|/equities/loews-corporation
Lorillard|/equities/lorillard-inc
Lowe's|/equities/lowes-companies
LyondellBasell Industries|/equities/lyondellbasell-industries
M&T Bank|/equities/m-t-bank-corp
Macerich|/equities/macerich-co
Macy's Inc|/equities/macys
Marathon Oil|/equities/marathon-oil
Marathon Petroleum|/equities/marathon-petroleum-corp.
Marriot|/equities/marriott-intl
Marsh&McLennan|/equities/marsh---mclennan
Masco|/equities/masco-corp
Mastercard|/equities/mastercard-cl-a
Mattel|/equities/mattel-inc
McCormick&Co|/equities/mccormick---co
McDonald's|/equities/mcdonalds
McGraw-Hill|/equities/mcgraw-hill
McKesson|/equities/mckesson-corp
Mead Johnson Nutrition|/equities/mead-johnson-nutrition
Meadwestvaco|/equities/mead-westvaco
Medtronic|/equities/medtronic
Merck&Co|/equities/merck---co
MetLife|/equities/metlife-inc
Michael Kors|/equities/michael-kors-holdings
Microchip|/equities/microchip-technology-inc
Micron|/equities/micron-tech
Microsoft|/equities/microsoft-corp
Mohawk Industries|/equities/mohawk-industries
Molson Coors Brewing|/equities/molson-coors
Mondelez|/equities/mondelez-international-inc
Monsanto|/equities/monsanto
Monster Beverage|/equities/monster-beverage
Moodys|/equities/moodys-corp
Morgan Stanley|/equities/morgan-stanley
Mosaic|/equities/mosaic-company
Motorola|/equities/motorola-inc
Murphy Oil|/equities/murphy-oil-corp
Mylan|/equities/mylan-inc
Nabors Industries|/equities/nabors-inds
National Oilwel Varco|/equities/ntl-oilwell-varc
NetApp|/equities/network-appliance-inc
Netflix|/equities/netflix,-inc.
Newell Rubbermaid|/equities/newell-rubber
Newfield Exploration|/equities/newfield-exploration-co.
Newmont Mining|/equities/newmont-mining
News Corp A|/equities/news-corp.
NextEra Energy|/equities/nextera-energy-inc
Nielsen|/equities/nielsen-holdings-nv
Nike|/equities/nike
NiSource|/equities/ni-source-inc
Noble Corporation|/equities/noble-corp
Noble Energy|/equities/noble-energy
Nordstrom|/equities/nordstrom-inc
Norfolk Southern|/equities/norfolk-southern
Northeast Utilities|/equities/northeast-utilities
Northern Trust|/equities/northern-trust
Northrop Grumman|/equities/northrop-grumman
NRG|/equities/nrg-energy-inc
Nucor|/equities/nucor
NVIDIA|/equities/nvidia-corp
Occidental|/equities/occidental-petro
Omnicom|/equities/omnicom-gp-inc
ONEOK|/equities/oneok
Oracle|/equities/oracle-corp
Oreilly|/equities/oreilly-automotive
Owens-Illinois|/equities/owens-illinois-inc
PACCAR|/equities/paccar-inc
Pacific Gas&Electric|/equities/pacific-gas-electric
Pall|/equities/pall-corp
Parker-Hannifin|/equities/parkerhannifin
Patterson|/equities/patterson-companies-inc
Paychex|/equities/paychex-inc
Peabody Energy|/equities/peabody-energy
Pentair|/equities/pentair
People's United|/equities/peoples-united-financial
PEPCO|/equities/pepco-holdings
Pepsico|/equities/pepsico
PerkinElmer|/equities/perkinelmer
Perrigo|/equities/perrigo-co
PetSmart|/equities/petsmart-inc
Pfizer|/equities/pfizer
Philip Morris|/equities/philip-morris-intl
Phillips 66|/equities/phillips-66-ltd
Pinnacle West Capital|/equities/pinnacle-west
Pioneer Natural Resources|/equities/pioneer-natural-resources
Pitney Bowes|/equities/pitney-bowes-inc
Plum Creek Timber|/equities/plum-creek-timb
PNC Financial|/equities/pnc-fin-serv
PPG Industries|/equities/ppg-industries
PPL|/equities/ppl-corp
Praxair|/equities/praxair-inc
Precision Castparts|/equities/precision-cast
Priceline.com|/equities/priceline.com-inc
Principal|/equities/principal-fin
Procter&Gamble|/equities/procter-gamble
Progressive|/equities/the-progressive
ProLogis|/equities/prologis
Prudential Financial|/equities/prudential-fin
Public Service Enterprise|/equities/publ-svc-enter
Public Storage|/equities/public-stg-mld
PulteGroup|/equities/pulte-homes-inc
PVH|/equities/pvh
QEP Resources|/equities/qep-resources
QUALCOMM|/equities/qualcomm-inc
Quanta Services|/equities/quanta-services
Quest Diagnostics|/equities/quest-diag
Ralph Lauren|/equities/polo-ralph-laur
Range Resources|/equities/range-resources-corp
Raytheon|/equities/raytheon-co
Red Hat|/equities/red-hat-inc
Regeneron|/equities/regeneron-phar.
Regions Financial|/equities/regions-fin
Republic Services|/equities/republic-services-inc
Reynolds American|/equities/reynolds-amrican
Robert Half|/equities/robert-half-intl
Rockwell Automation|/equities/rockwell-automat
Rockwell Collins|/equities/rockwe-coll
Roper Industries|/equities/roper-industries
Ross Stores|/equities/ross-stores-inc
Rowan|/equities/rowan-co-inc
Ryder System|/equities/ryder-system-inc
Safeway|/equities/safeway-inc
Salesforce.com Inc|/equities/salesforce-com
SanDisk|/equities/sandisk-corp
Scana|/equities/scana-corp
Schlumberger|/equities/schlumberger-ltd
Scripps Networks|/equities/scripps-networks-interactive
Seagate|/equities/seagate-technology
Sealed Air|/equities/sealed-air
Sempra Energy|/equities/sempra-energy
Sherwin-Williams|/equities/sherwinwilliams
Sigma-Aldrich|/equities/sigma-aldrich
Simon Property|/equities/simon-prop-grp
SLM|/equities/slm-corporation
Snap-On|/equities/snapon-inc
Southern|/equities/southern-co
Southwest Airlines|/equities/sth-west-airlines
Southwestern Energy|/equities/southwestern-energy-company
Spectra Energy|/equities/spectra-energy
St Jude Medical|/equities/st-jude-medical
Stanley Black&Decker|/equities/stanley-works
Staples|/equities/staples-inc
Starbucks|/equities/starbucks-corp
Starwood Hotels&Resorts|/equities/starwood-hotels
State Street|/equities/state-street
Stericycle|/equities/stericycle-inc
Stryker|/equities/stryker
SunTrust Banks|/equities/sun-trust-bk
Symantec|/equities/symantec-corp
Sysco|/equities/sysco-corp
T Rowe|/equities/t-rowe-price-gp
Target|/equities/target
TE Connectivity|/equities/te-connectivity
TECO Energy|/equities/teco-energy
Tenet Healthcare|/equities/tenet-healthcare
Teradata|/equities/teradata
Tesoro|/equities/tesoro
Texas Instruments|/equities/texas-instru
Textron|/equities/textron-inc
The AES|/equities/aes-corp
The Charles Schwab|/equities/charles-schwab
The Goodyear Tire&Rubber|/equities/goodyear-tire
The NASDAQ OMX|/equities/nasdaq-omx-group
The Travelers|/equities/the-travelers-co
Thermo Fisher Scientific|/equities/thermo-fisher-sc
Tiffany&Co|/equities/tiffany---co
Time Warner Cable|/equities/time-warner-cable
Time Warner|/equities/time-warner
TJX|/equities/tjx-co-inc
Torchmark|/equities/torchmark-corp
Total System Services|/equities/total-sys-svcs
Tractor Supply|/equities/tractor-supply-company
Transocean|/equities/transocea-ltd
TripAdvisor|/equities/tripadvisor
Fox A Inc|/equities/fox-a-inc
Tyco|/equities/tyco-intl-ltd
Tyson Foods|/equities/tyson-foods
Union Pacific|/equities/union-pacific
United Parcel Service|/equities/united-parcel
United States Steel|/equities/us-steel-corp
United Technologies|/equities/united-tech
UnitedHealth|/equities/united-health-group
Unum|/equities/unum-group
Urban Outfitters|/equities/urban-outfitters
US Bancorp|/equities/us-bancorp
Valero Energy|/equities/valero-energy
Varian|/equities/varian-medical
Ventas|/equities/ventas-inc
VeriSign|/equities/verisign-inc
Verizon|/equities/verizon-communications
Vertex|/equities/vertex-pharm
VF|/equities/vf-corp
Viacom B|/equities/viacom-cl-b
Visa|/equities/visa-inc
Vornado|/equities/vornado-realty
Vulcan Materials|/equities/vulcan-matrls
Wal-Mart Stores|/equities/wal-mart-stores
Walgreen|/equities/walgreen-co
Walt Disney|/equities/disney
Waste Management|/equities/waste-managemnt
Waters|/equities/waters-corp
WellPoint|/equities/wellpoint-inc
Wells Fargo&Co|/equities/wells-fargo
Western Digital|/equities/western-digital
Western Union|/equities/western-union
Weyerhaeuser|/equities/weyerhaeuser
Whirlpool|/equities/whirl-pool-corp
Whole Foods Market|/equities/whole-foods-mkt-inc
Williams|/equities/williams-cos
Windstream|/equities/windstream-corp
Wisconsin Energy|/equities/wisconsin-energy-corp
WW Grainger|/equities/w-w-grainger-inc
Wyndham|/equities/wyndham-world
Wynn Resorts|/equities/wynn-resorts-ltd
Xcel Energy|/equities/xcel-energy
Xerox|/equities/xerox-corp
Xilinx|/equities/xilinx-inc
XL|/equities/xl-capital-ltd
Xylem|/equities/xylem
Yahoo!|/equities/yahoo-inc
Yum! Brands|/equities/yum!-brands-inc
Zimmer|/equities/zimmer-hldgs
Zions|/equities/zions-bancorp
Zoetis Inc|/equities/zoetis-inc
